{
  "i18n/i18n.properties": 1605870923000,
  "Component.js": 1605870923000,
  "model/models.js": 1605870923000,
  "model/formatter.js": 1605870923000,
  "controller/Worklist.controller.js": 1606119635964,
  "controller/Object.controller.js": 1605870923000,
  "controller/NotFound.controller.js": 1605870923000,
  "controller/ErrorHandler.js": 1605870923000,
  "controller/BaseController.js": 1605870923000,
  "controller/App.controller.js": 1605870923000,
  "manifest.json": 1606134600117,
  "manifest-bundle.zip": 1606134600126,
  "Component-preload.js": 1606134600351,
  "model/models-dbg.js": 1605870923000,
  "model/formatter-dbg.js": 1605870923000,
  "controller/Worklist-dbg.controller.js": 1606119635964,
  "controller/Object-dbg.controller.js": 1605870923000,
  "controller/NotFound-dbg.controller.js": 1605870923000,
  "controller/ErrorHandler-dbg.js": 1605870923000,
  "controller/BaseController-dbg.js": 1605870923000,
  "controller/App-dbg.controller.js": 1605870923000,
  "Component-dbg.js": 1605870923000,
  "view/Worklist.view.xml": 1606118674405,
  "view/ObjectNotFound.view.xml": 1605870923000,
  "view/Object.view.xml": 1605870923000,
  "view/NotFound.view.xml": 1605870923000,
  "view/App.view.xml": 1605870923000,
  "test.html": 1606126505522,
  "index.html": 1606134126728
}